file,label,x,y,width,height
1,0,0.503129,0.372180,0.878598,0.605263
1,1,0.663329,0.671053,0.172716,0.345865
1,1,0.788486,0.646617,0.267835,0.327068
2,1,0.465582,0.583490,0.633292,0.577861
2,1,0.364205,0.307692,0.690864,0.386492
2,1,0.704631,0.393996,0.570713,0.626642
